{ "height":20,
 "layers":[
        {
         "data":[50, 50, 50, 50, 50, 50, 50, 50, 50, 50, 50, 50, 50, 50, 50, 50, 50, 50, 50, 50, 50, 50, 50, 50, 50, 50, 50, 50, 50, 50, 50, 50, 50, 50, 50, 50, 50, 50, 50, 50, 50, 50, 50, 50, 50, 50, 50, 50, 50, 50, 50, 50, 50, 50, 50, 50, 50, 50, 50, 50, 50, 50, 50, 50, 50, 50, 50, 50, 50, 50, 50, 50, 50, 50, 50, 50, 50, 50, 50, 50, 50, 50, 50, 50, 50, 50, 50, 50, 50, 50, 50, 50, 50, 50, 50, 50, 50, 50, 50, 50, 50, 50, 50, 50, 50, 50, 50, 50, 50, 50, 50, 50, 50, 50, 50, 50, 50, 50, 50, 50, 50, 50, 50, 50, 50, 50, 50, 50, 50, 50, 50, 50, 50, 50, 50, 50, 50, 50, 50, 50, 50, 50, 50, 50, 50, 50, 50, 50, 50, 50, 50, 50, 50, 50, 50, 50, 50, 50, 50, 50, 50, 50, 50, 50, 50, 50, 50, 50, 50, 50, 50, 50, 50, 50, 50, 50, 50, 50, 50, 50, 50, 50, 50, 50, 50, 50, 50, 50, 50, 50, 50, 50, 50, 50, 50, 50, 50, 50, 50, 50],
         "height":20,
         "name":"backgroundLayer",
         "opacity":1,
         "type":"tilelayer",
         "visible":true,
         "width":10,
         "x":0,
         "y":0
        }, 
        {
         "data":[1896, 1896, 1896, 1896, 1896, 1896, 1896, 1896, 1896, 1896, 1896, 0, 0, 0, 0, 1896, 1896, 1896, 1896, 1896, 1896, 0, 0, 0, 0, 0, 0, 1896, 1896, 1896, 1896, 0, 0, 222, 0, 0, 0, 0, 1896, 1896, 222, 0, 0, 222, 0, 0, 0, 0, 0, 222, 222, 0, 0, 222, 1632, 1632, 1632, 0, 0, 222, 222, 0, 0, 222, 0, 0, 0, 0, 0, 222, 222, 0, 0, 222, 0, 0, 0, 0, 0, 222, 222, 0, 0, 222, 0, 0, 0, 0, 0, 222, 222, 0, 0, 222, 0, 0, 0, 0, 0, 222, 222, 0, 0, 222, 222, 222, 222, 222, 222, 222, 222, 0, 0, 0, 0, 0, 0, 0, 0, 222, 222, 0, 0, 0, 0, 0, 0, 0, 0, 222, 222, 0, 0, 0, 0, 0, 0, 0, 0, 222, 222, 222, 222, 222, 1721, 1721, 1721, 0, 0, 222, 222, 0, 0, 0, 0, 0, 0, 0, 0, 222, 222, 0, 0, 0, 0, 0, 0, 0, 0, 222, 222, 0, 0, 0, 0, 0, 0, 0, 0, 222, 222, 0, 0, 0, 0, 0, 0, 0, 1896, 222, 222, 222, 222, 222, 222, 222, 222, 222, 222, 222],
         "height":20,
         "name":"blockedLayer",
         "opacity":1,
         "type":"tilelayer",
         "visible":true,
         "width":10,
         "x":0,
         "y":0
        }, 
        {
         "height":20,
         "name":"objectsLayer",
         "objects":[
                {
                 "gid":1216,
                 "height":0,
                 "name":"",
                 "properties":
                    {
                     "sprite":"bluecup",
                     "type":"item"
                    },
                 "type":"",
                 "visible":true,
                 "width":0,
                 "x":86,
                 "y":69
                }, 
                {
                 "gid":1260,
                 "height":0,
                 "name":"",
                 "properties":
                    {
                     "sprite":"greencup",
                     "type":"item"
                    },
                 "type":"",
                 "visible":true,
                 "width":0,
                 "x":114,
                 "y":207
                }, 
                {
                 "gid":71,
                 "height":0,
                 "name":"",
                 "properties":
                    {
                     "type":"playerStart"
                    },
                 "type":"",
                 "visible":true,
                 "width":0,
                 "x":33,
                 "y":292
                }, 
                {
                 "gid":441,
                 "height":0,
                 "name":"",
                 "properties":
                    {
                     "sprite":"browndoor",
                     "targetTilemap":"level2",
                     "targetX":"20",
                     "targetY":"30",
                     "type":"door"
                    },
                 "type":"",
                 "visible":true,
                 "width":0,
                 "x":108,
                 "y":148
                }, 
                {
                 "gid":1216,
                 "height":0,
                 "name":"",
                 "properties":
                    {
                     "sprite":"bluecup",
                     "type":"item"
                    },
                 "type":"",
                 "visible":true,
                 "width":0,
                 "x":28,
                 "y":203
                }, 
                {
                 "gid":1216,
                 "height":0,
                 "name":"",
                 "properties":
                    {
                     "sprite":"bluecup",
                     "type":"item"
                    },
                 "type":"",
                 "visible":true,
                 "width":0,
                 "x":57,
                 "y":269
                }, 
                {
                 "gid":1216,
                 "height":0,
                 "name":"",
                 "properties":
                    {
                     "sprite":"bluecup",
                     "type":"item"
                    },
                 "type":"",
                 "visible":true,
                 "width":0,
                 "x":116,
                 "y":263
                }, 
                {
                 "gid":1260,
                 "height":0,
                 "name":"",
                 "properties":
                    {
                     "sprite":"greencup",
                     "type":"item"
                    },
                 "type":"",
                 "visible":true,
                 "width":0,
                 "x":72,
                 "y":129
                }],
         "opacity":1,
         "type":"objectgroup",
         "visible":true,
         "width":10,
         "x":0,
         "y":0
        }],
 "orientation":"orthogonal",
 "properties":
    {

    },
 "tileheight":16,
 "tilesets":[
        {
         "firstgid":1,
         "image":"..\/images\/tiles.png",
         "imageheight":1280,
         "imagewidth":705,
         "margin":0,
         "name":"tiles",
         "properties":
            {

            },
         "spacing":0,
         "tileheight":16,
         "tilewidth":16
        }, 
        {
         "firstgid":3521,
         "image":"..\/images\/tiles.png",
         "imageheight":1280,
         "imagewidth":705,
         "margin":0,
         "name":"tiles",
         "properties":
            {

            },
         "spacing":0,
         "tileheight":16,
         "tilewidth":16
        }],
 "tilewidth":16,
 "version":1,
 "width":10
}